i,Ebeam,x,y,z,Q2,pT,obs,Nacc,stat_sivers,stat_collins,stat_pretzelosity,systrel,systabs,target,hadron,Experiment
0,11.0,0.088204,0.660490,0.322895,1.194075,0.135518,AUT,10571270.916793,0.005912,0.005477,0.004154,0.070207,0.007272,proton,pi+,solid
1,11.0,0.115164,0.590623,0.323605,1.402415,0.126537,AUT,9938974.076448,0.005806,0.005727,0.004152,0.070207,0.007129,proton,pi+,solid
2,11.0,0.139804,0.548453,0.323918,1.580092,0.123702,AUT,10444309.289668,0.005329,0.005538,0.003941,0.070207,0.007000,proton,pi+,solid
3,11.0,0.178137,0.467623,0.324274,1.707807,0.123057,AUT,10067795.025943,0.005073,0.005813,0.003953,0.070207,0.006813,proton,pi+,solid
4,11.0,0.242446,0.365740,0.324284,1.821005,0.133502,AUT,2015905.440273,0.011935,0.013660,0.008689,0.070207,0.006554,proton,pi+,solid
5,11.0,0.071580,0.760019,0.323250,1.118518,0.306960,AUT,9462227.907218,0.006468,0.005551,0.004480,0.070207,0.007363,proton,pi+,solid
6,11.0,0.087261,0.695912,0.323840,1.252517,0.299705,AUT,10042214.845915,0.006354,0.005496,0.004406,0.070207,0.007277,proton,pi+,solid
7,11.0,0.101916,0.662079,0.324017,1.391956,0.297019,AUT,10319982.636842,0.005885,0.005202,0.004341,0.070207,0.007199,proton,pi+,solid
8,11.0,0.118027,0.625023,0.324288,1.521494,0.294932,AUT,10310663.581438,0.005256,0.004849,0.004282,0.070207,0.007113,proton,pi+,solid
9,11.0,0.137500,0.572938,0.324628,1.623509,0.291375,AUT,9704408.036454,0.004717,0.004653,0.004348,0.070207,0.007010,proton,pi+,solid
10,11.0,0.175233,0.469339,0.324866,1.681283,0.287437,AUT,10317884.303149,0.003515,0.004407,0.004193,0.070207,0.006826,proton,pi+,solid
11,11.0,0.246047,0.353319,0.325244,1.786187,0.281287,AUT,2280037.888580,0.007367,0.011302,0.010069,0.070207,0.006541,proton,pi+,solid
12,11.0,0.072263,0.783560,0.324124,1.163450,0.490104,AUT,10314047.025362,0.005364,0.004587,0.004308,0.070207,0.007359,proton,pi+,solid
13,11.0,0.093617,0.720623,0.324226,1.391057,0.490392,AUT,10122278.348972,0.005006,0.004455,0.004273,0.070207,0.007243,proton,pi+,solid
14,11.0,0.115528,0.659417,0.324264,1.568713,0.490271,AUT,9977085.138326,0.004764,0.004299,0.004289,0.070207,0.007125,proton,pi+,solid
15,11.0,0.151663,0.533623,0.324212,1.654011,0.490291,AUT,10100456.361286,0.004691,0.003934,0.004435,0.070207,0.006939,proton,pi+,solid
16,11.0,0.221952,0.382095,0.324123,1.732312,0.492206,AUT,3619962.378192,0.007499,0.006048,0.007986,0.070207,0.006632,proton,pi+,solid
17,11.0,0.091743,0.730681,0.325806,1.361354,0.671754,AUT,10033324.037842,0.004655,0.004250,0.004234,0.070207,0.007252,proton,pi+,solid
18,11.0,0.160990,0.505466,0.326230,1.633035,0.665699,AUT,4461931.046728,0.006925,0.005985,0.006652,0.070207,0.006896,proton,pi+,solid
19,11.0,0.097167,0.624276,0.372956,1.241008,0.134702,AUT,10017703.475728,0.005815,0.005487,0.004194,0.070207,0.007207,proton,pi+,solid
20,11.0,0.132220,0.551874,0.373613,1.503360,0.126742,AUT,9826558.831163,0.005551,0.005622,0.004085,0.070207,0.007018,proton,pi+,solid
21,11.0,0.176875,0.468146,0.374020,1.693062,0.125050,AUT,10011049.632939,0.005208,0.005751,0.003936,0.070207,0.006796,proton,pi+,solid
22,11.0,0.249968,0.356093,0.374131,1.830444,0.135203,AUT,1194073.624145,0.016043,0.017684,0.011225,0.070207,0.006503,proton,pi+,solid
23,11.0,0.076585,0.726394,0.373339,1.142514,0.308848,AUT,9923042.019076,0.006490,0.005667,0.004407,0.070207,0.007320,proton,pi+,solid
24,11.0,0.097033,0.657082,0.373886,1.314746,0.299698,AUT,10248649.771128,0.006420,0.005622,0.004370,0.070207,0.007208,proton,pi+,solid
25,11.0,0.116340,0.616029,0.374116,1.477990,0.296272,AUT,9835437.190679,0.005926,0.005390,0.004391,0.070207,0.007102,proton,pi+,solid
26,11.0,0.139511,0.560544,0.374560,1.610448,0.291645,AUT,10135436.863185,0.004846,0.004766,0.004205,0.070207,0.006978,proton,pi+,solid
27,11.0,0.186144,0.445045,0.374774,1.686837,0.285462,AUT,9678618.716646,0.003616,0.004736,0.004180,0.070207,0.006755,proton,pi+,solid
28,11.0,0.265383,0.334124,0.375043,1.827083,0.282841,AUT,1086827.070605,0.012625,0.016696,0.014535,0.070207,0.006452,proton,pi+,solid
29,11.0,0.075542,0.761071,0.373912,1.180356,0.493287,AUT,10277697.383296,0.005538,0.004803,0.004249,0.070207,0.007326,proton,pi+,solid
30,11.0,0.101956,0.688212,0.374071,1.445463,0.491756,AUT,10433864.076888,0.004990,0.004471,0.004153,0.070207,0.007180,proton,pi+,solid
31,11.0,0.136019,0.583434,0.374121,1.625277,0.490805,AUT,10011389.928878,0.004763,0.004209,0.004340,0.070207,0.006996,proton,pi+,solid
32,11.0,0.202601,0.415646,0.373975,1.707360,0.495098,AUT,4735986.461654,0.006372,0.005313,0.007061,0.070207,0.006687,proton,pi+,solid
33,11.0,0.089344,0.738347,0.374891,1.343796,0.680234,AUT,10026603.434548,0.004808,0.004354,0.004220,0.070207,0.007249,proton,pi+,solid
34,11.0,0.156961,0.522584,0.375041,1.637982,0.677138,AUT,6154733.586139,0.005891,0.005053,0.005437,0.070207,0.006894,proton,pi+,solid
35,11.0,0.105076,0.690410,0.377776,1.430555,0.865338,AUT,2645424.350052,0.008648,0.008071,0.008139,0.070207,0.007161,proton,pi+,solid
36,11.0,0.108149,0.589464,0.423343,1.301795,0.133406,AUT,10066924.633992,0.005639,0.005412,0.004113,0.070207,0.007133,proton,pi+,solid
37,11.0,0.161189,0.493354,0.423813,1.627762,0.126380,AUT,10188088.717563,0.005230,0.005518,0.003912,0.070207,0.006853,proton,pi+,solid
38,11.0,0.230336,0.380993,0.424049,1.799371,0.131800,AUT,2058276.131275,0.011903,0.013396,0.008450,0.070207,0.006554,proton,pi+,solid
39,11.0,0.082309,0.694398,0.423373,1.172153,0.309313,AUT,9896338.132943,0.006402,0.005634,0.004382,0.070207,0.007277,proton,pi+,solid
40,11.0,0.108701,0.620631,0.423932,1.390331,0.300063,AUT,10117404.455200,0.006173,0.005530,0.004335,0.070207,0.007129,proton,pi+,solid
41,11.0,0.135958,0.562799,0.424232,1.575386,0.294795,AUT,10146674.983102,0.005202,0.005020,0.004187,0.070207,0.006980,proton,pi+,solid
42,11.0,0.189926,0.437874,0.424513,1.684292,0.288875,AUT,9933463.360928,0.003732,0.004758,0.004038,0.070207,0.006721,proton,pi+,solid
43,11.0,0.284087,0.321687,0.424484,1.885537,0.290957,AUT,334779.092649,0.026842,0.029615,0.026496,0.070207,0.006373,proton,pi+,solid
44,11.0,0.079280,0.736772,0.423915,1.197958,0.495064,AUT,9876446.292700,0.005919,0.005206,0.004328,0.070207,0.007294,proton,pi+,solid
45,11.0,0.111255,0.651864,0.424306,1.491691,0.490963,AUT,9894338.411159,0.005437,0.004875,0.004297,0.070207,0.007114,proton,pi+,solid
46,11.0,0.168914,0.493849,0.424273,1.666862,0.490327,AUT,8770013.899563,0.004717,0.004199,0.004769,0.070207,0.006819,proton,pi+,solid
47,11.0,0.089510,0.733978,0.424472,1.339004,0.685508,AUT,9474352.435941,0.005126,0.004581,0.004348,0.070207,0.007235,proton,pi+,solid
48,11.0,0.157104,0.524929,0.424430,1.648948,0.684070,AUT,5738234.653735,0.006189,0.005219,0.005679,0.070207,0.006875,proton,pi+,solid
49,11.0,0.107249,0.680181,0.426587,1.433582,0.884937,AUT,4302304.588851,0.007040,0.006417,0.006391,0.070207,0.007135,proton,pi+,solid
50,11.0,0.121415,0.558007,0.473365,1.379705,0.131828,AUT,10127797.667278,0.005438,0.005327,0.004035,0.070207,0.007046,proton,pi+,solid
51,11.0,0.190598,0.441105,0.474006,1.709348,0.128770,AUT,5879105.014381,0.006857,0.007361,0.005046,0.070207,0.006700,proton,pi+,solid
52,11.0,0.089470,0.663458,0.473515,1.215223,0.309273,AUT,9914576.234996,0.006259,0.005537,0.004340,0.070207,0.007226,proton,pi+,solid
53,11.0,0.123817,0.580977,0.473958,1.481149,0.299821,AUT,9821247.283865,0.005796,0.005382,0.004281,0.070207,0.007032,proton,pi+,solid
54,11.0,0.171157,0.474113,0.474195,1.652151,0.292016,AUT,9916352.001295,0.004165,0.004757,0.004018,0.070207,0.006788,proton,pi+,solid
55,11.0,0.250238,0.346741,0.474371,1.784348,0.294521,AUT,1662942.169558,0.010152,0.013049,0.010502,0.070207,0.006465,proton,pi+,solid
56,11.0,0.084913,0.709179,0.473912,1.232715,0.495703,AUT,10074678.637082,0.006186,0.005485,0.004310,0.070207,0.007251,proton,pi+,solid
57,11.0,0.127561,0.598232,0.474343,1.561788,0.488908,AUT,9800246.529548,0.005563,0.004964,0.004431,0.070207,0.007010,proton,pi+,solid
58,11.0,0.196443,0.424603,0.474466,1.690714,0.486544,AUT,3628091.043294,0.006417,0.006257,0.007293,0.070207,0.006676,proton,pi+,solid
59,11.0,0.096388,0.705994,0.474484,1.377800,0.688876,AUT,10071175.068442,0.005073,0.004512,0.004201,0.070207,0.007184,proton,pi+,solid
60,11.0,0.171277,0.484218,0.473954,1.678810,0.686723,AUT,3048415.111208,0.008586,0.007038,0.007996,0.070207,0.006789,proton,pi+,solid
61,11.0,0.107623,0.676977,0.475735,1.433529,0.904196,AUT,5588166.515218,0.006282,0.005638,0.005600,0.070207,0.007120,proton,pi+,solid
62,11.0,0.138904,0.522184,0.523629,1.464598,0.130750,AUT,9991762.072198,0.005345,0.005361,0.003996,0.070207,0.006937,proton,pi+,solid
63,11.0,0.225964,0.386119,0.523817,1.788680,0.132225,AUT,1421806.766144,0.014254,0.015472,0.010077,0.070207,0.006533,proton,pi+,solid
64,11.0,0.099179,0.630675,0.523508,1.277104,0.308896,AUT,10491490.642830,0.005822,0.005226,0.004148,0.070207,0.007157,proton,pi+,solid
65,11.0,0.149776,0.518430,0.524098,1.588244,0.296908,AUT,9998849.196104,0.004854,0.004949,0.004066,0.070207,0.006876,proton,pi+,solid
66,11.0,0.222303,0.380306,0.524201,1.727140,0.294360,AUT,3491982.082196,0.006531,0.008579,0.006737,0.070207,0.006550,proton,pi+,solid
67,11.0,0.090137,0.685124,0.524074,1.262032,0.496628,AUT,9658793.187638,0.006447,0.005686,0.004427,0.070207,0.007209,proton,pi+,solid
68,11.0,0.153694,0.528427,0.524357,1.618231,0.487809,AUT,9820259.214570,0.004785,0.004486,0.004305,0.070207,0.006860,proton,pi+,solid
69,11.0,0.105286,0.671233,0.524234,1.411798,0.689973,AUT,10138366.168086,0.005217,0.004649,0.004204,0.070207,0.007120,proton,pi+,solid
70,11.0,0.196553,0.433533,0.523834,1.747444,0.684862,AUT,900389.327800,0.015184,0.012732,0.014736,0.070207,0.006652,proton,pi+,solid
71,11.0,0.106341,0.683098,0.525021,1.436709,0.924677,AUT,6114967.109693,0.006132,0.005449,0.005358,0.070207,0.007114,proton,pi+,solid
72,11.0,0.102054,0.609346,0.573509,1.269816,0.270024,AUT,9888466.778751,0.005795,0.005310,0.004218,0.070207,0.007126,proton,pi+,solid
73,11.0,0.145299,0.517429,0.573838,1.545490,0.238815,AUT,9883991.560506,0.005122,0.005157,0.004042,0.070207,0.006880,proton,pi+,solid
74,11.0,0.204309,0.411662,0.573896,1.713113,0.234079,AUT,6739360.254294,0.005333,0.006222,0.004699,0.070207,0.006601,proton,pi+,solid
75,11.0,0.098387,0.656880,0.573974,1.316159,0.497226,AUT,10012307.512874,0.006173,0.005491,0.004314,0.070207,0.007146,proton,pi+,solid
76,11.0,0.165263,0.497647,0.574245,1.656465,0.487893,AUT,5936634.108066,0.005954,0.005755,0.005516,0.070207,0.006780,proton,pi+,solid
77,11.0,0.092628,0.706689,0.574490,1.332111,0.758592,AUT,9937674.953047,0.005480,0.004892,0.004241,0.070207,0.007179,proton,pi+,solid
78,11.0,0.153213,0.538299,0.574243,1.675883,0.739602,AUT,3969539.651391,0.008003,0.006844,0.006890,0.070207,0.006837,proton,pi+,solid
79,11.0,0.112521,0.580419,0.623591,1.330134,0.264559,AUT,10209201.624866,0.005493,0.005154,0.004084,0.070207,0.007046,proton,pi+,solid
80,11.0,0.179763,0.453653,0.623762,1.654085,0.236001,AUT,9394403.792487,0.004820,0.005229,0.003993,0.070207,0.006687,proton,pi+,solid
81,11.0,0.108072,0.627750,0.623974,1.373960,0.497114,AUT,9985985.682001,0.005975,0.005369,0.004265,0.070207,0.007070,proton,pi+,solid
82,11.0,0.179995,0.464197,0.623808,1.704134,0.486722,AUT,2717140.351498,0.008352,0.008494,0.008088,0.070207,0.006682,proton,pi+,solid
83,11.0,0.098212,0.685493,0.624283,1.364249,0.760796,AUT,10038500.181741,0.005644,0.005038,0.004249,0.070207,0.007128,proton,pi+,solid
84,11.0,0.162286,0.521733,0.624020,1.733019,0.729895,AUT,1932126.512752,0.012128,0.010445,0.010190,0.070207,0.006764,proton,pi+,solid
85,11.0,0.124135,0.553770,0.673641,1.394024,0.259853,AUT,10126941.177484,0.005326,0.005120,0.004023,0.070207,0.006956,proton,pi+,solid
86,11.0,0.192104,0.436136,0.673198,1.716654,0.230024,AUT,3885533.557147,0.007701,0.008398,0.006145,0.070207,0.006599,proton,pi+,solid
87,11.0,0.096458,0.659548,0.673956,1.297072,0.587829,AUT,10167826.227659,0.006066,0.005381,0.004235,0.070207,0.007120,proton,pi+,solid
88,11.0,0.152182,0.535593,0.673588,1.661640,0.551165,AUT,6040203.056706,0.007123,0.006574,0.005614,0.070207,0.006794,proton,pi+,solid
89,11.0,0.097240,0.713399,0.674124,1.401817,0.963335,AUT,5057433.741191,0.007347,0.006630,0.005904,0.070207,0.007112,proton,pi+,solid
90,11.0,0.175820,0.617909,0.323481,2.230290,0.127643,AUT,6348160.482515,0.007358,0.007178,0.004992,0.070207,0.006815,proton,pi+,solid
91,11.0,0.219970,0.538782,0.323945,2.440427,0.123865,AUT,6390845.582820,0.006214,0.006776,0.004797,0.070207,0.006627,proton,pi+,solid
92,11.0,0.282490,0.440866,0.324088,2.545699,0.130216,AUT,5918886.444300,0.005942,0.006900,0.004862,0.070207,0.006419,proton,pi+,solid
93,11.0,0.154885,0.695080,0.323321,2.208056,0.305924,AUT,6621812.650723,0.005690,0.005493,0.005073,0.070207,0.006914,proton,pi+,solid
94,11.0,0.191559,0.607080,0.324138,2.397060,0.296420,AUT,6479906.574549,0.005194,0.005502,0.005090,0.070207,0.006742,proton,pi+,solid
95,11.0,0.225941,0.534885,0.324313,2.488699,0.291853,AUT,6267897.638286,0.004668,0.005754,0.005092,0.070207,0.006604,proton,pi+,solid
96,11.0,0.279282,0.438622,0.324510,2.515448,0.288375,AUT,6352127.443769,0.004252,0.006015,0.004972,0.070207,0.006427,proton,pi+,solid
97,11.0,0.346727,0.374399,0.324404,2.677120,0.290561,AUT,1740614.179188,0.008714,0.010793,0.009544,0.070207,0.006241,proton,pi+,solid
98,11.0,0.148026,0.740246,0.323809,2.243075,0.492442,AUT,6416275.791671,0.005444,0.005432,0.005196,0.070207,0.006947,proton,pi+,solid
99,11.0,0.194950,0.607234,0.324283,2.434109,0.487703,AUT,6323892.703704,0.005526,0.005041,0.005366,0.070207,0.006727,proton,pi+,solid
100,11.0,0.269326,0.458510,0.324292,2.510493,0.486796,AUT,6622512.788017,0.005341,0.004270,0.005518,0.070207,0.006461,proton,pi+,solid
101,11.0,0.377039,0.364610,0.324697,2.837307,0.486257,AUT,157491.124258,0.032073,0.025732,0.039378,0.070207,0.006164,proton,pi+,solid
102,11.0,0.195349,0.628256,0.326420,2.401225,0.677703,AUT,5611437.083948,0.005949,0.005228,0.005613,0.070207,0.006739,proton,pi+,solid
103,11.0,0.186998,0.593218,0.373441,2.274957,0.128096,AUT,6405161.965958,0.006966,0.006886,0.004864,0.070207,0.006741,proton,pi+,solid
104,11.0,0.249726,0.486363,0.373973,2.490021,0.126838,AUT,6380980.740451,0.006065,0.006685,0.004692,0.070207,0.006497,proton,pi+,solid
105,11.0,0.327407,0.386984,0.373747,2.609959,0.139238,AUT,1170681.660820,0.013504,0.014687,0.010766,0.070207,0.006266,proton,pi+,solid
106,11.0,0.164401,0.661461,0.373693,2.230005,0.303077,AUT,6434353.921883,0.006300,0.005976,0.005113,0.070207,0.006844,proton,pi+,solid
107,11.0,0.207259,0.571295,0.374208,2.438894,0.293295,AUT,6316321.569585,0.005371,0.005810,0.005058,0.070207,0.006652,proton,pi+,solid
108,11.0,0.257728,0.471842,0.374214,2.496935,0.291133,AUT,6377407.040344,0.004526,0.006152,0.004870,0.070207,0.006470,proton,pi+,solid
109,11.0,0.327801,0.384902,0.374280,2.598188,0.294625,AUT,2916000.288830,0.007013,0.009118,0.007376,0.070207,0.006265,proton,pi+,solid
110,11.0,0.158408,0.703508,0.373667,2.276352,0.495894,AUT,6382276.390191,0.005247,0.005317,0.005203,0.070207,0.006872,proton,pi+,solid
111,11.0,0.223369,0.541773,0.374035,2.473572,0.489994,AUT,6327752.303444,0.005351,0.004979,0.005438,0.070207,0.006591,proton,pi+,solid
112,11.0,0.310773,0.401234,0.374210,2.560230,0.491046,AUT,2386058.085431,0.007666,0.006856,0.009016,0.070207,0.006312,proton,pi+,solid
113,11.0,0.188107,0.637830,0.375465,2.377631,0.700091,AUT,6544905.887887,0.005488,0.004853,0.005142,0.070207,0.006742,proton,pi+,solid
114,11.0,0.311557,0.411387,0.375320,2.639725,0.667541,AUT,506394.561231,0.022759,0.017394,0.024233,0.070207,0.006308,proton,pi+,solid
115,11.0,0.198985,0.569096,0.423536,2.316365,0.128685,AUT,6356722.854549,0.006771,0.006784,0.004817,0.070207,0.006669,proton,pi+,solid
116,11.0,0.277204,0.447060,0.423777,2.533048,0.130453,AUT,4005722.534085,0.007572,0.008245,0.005824,0.070207,0.006389,proton,pi+,solid
117,11.0,0.173698,0.634800,0.423743,2.259760,0.302034,AUT,6328465.826770,0.006511,0.006154,0.005101,0.070207,0.006780,proton,pi+,solid
118,11.0,0.228016,0.527348,0.424184,2.469632,0.293278,AUT,6500431.087600,0.005185,0.005910,0.004842,0.070207,0.006551,proton,pi+,solid
119,11.0,0.303075,0.410196,0.424205,2.547859,0.295530,AUT,4627725.029800,0.005599,0.007388,0.005616,0.070207,0.006312,proton,pi+,solid
120,11.0,0.171031,0.663749,0.423871,2.312655,0.494810,AUT,6498337.232469,0.005343,0.005367,0.005181,0.070207,0.006793,proton,pi+,solid
121,11.0,0.264342,0.471321,0.424224,2.518282,0.487758,AUT,5346645.399982,0.005072,0.005290,0.005579,0.070207,0.006432,proton,pi+,solid
122,11.0,0.184968,0.641632,0.424863,2.366076,0.720802,AUT,6414432.007941,0.005401,0.004906,0.005127,0.070207,0.006734,proton,pi+,solid
123,11.0,0.295476,0.427825,0.424261,2.600916,0.686418,AUT,810861.618857,0.015802,0.012739,0.016997,0.070207,0.006332,proton,pi+,solid
124,11.0,0.216539,0.537760,0.473602,2.366523,0.128758,AUT,6342073.961795,0.006553,0.006647,0.004760,0.070207,0.006581,proton,pi+,solid
125,11.0,0.308742,0.406357,0.473776,2.579048,0.135355,AUT,1188796.926416,0.013621,0.014627,0.010534,0.070207,0.006275,proton,pi+,solid
126,11.0,0.184510,0.609401,0.473841,2.301270,0.301468,AUT,6397461.939914,0.006390,0.006123,0.005001,0.070207,0.006712,proton,pi+,solid
127,11.0,0.261371,0.466793,0.474135,2.488636,0.295252,AUT,6368868.542203,0.005044,0.006173,0.004722,0.070207,0.006418,proton,pi+,solid
128,11.0,0.349266,0.372680,0.473930,2.684903,0.303180,AUT,806635.664326,0.015397,0.017297,0.014131,0.070207,0.006165,proton,pi+,solid
129,11.0,0.183612,0.629869,0.474054,2.347827,0.493245,AUT,6397420.839661,0.005660,0.005623,0.005265,0.070207,0.006717,proton,pi+,solid
130,11.0,0.282972,0.438954,0.474360,2.531434,0.485375,AUT,3179905.664712,0.006204,0.007182,0.006915,0.070207,0.006351,proton,pi+,solid
131,11.0,0.194774,0.620756,0.474397,2.387628,0.732636,AUT,6497652.949856,0.005196,0.004842,0.005062,0.070207,0.006676,proton,pi+,solid
132,11.0,0.343779,0.401754,0.470956,2.850099,0.642850,AUT,32433.394976,0.064939,0.061982,0.083797,0.070207,0.006179,proton,pi+,solid
133,11.0,0.184329,0.601589,0.523684,2.273058,0.249665,AUT,6479364.665579,0.006482,0.006256,0.004849,0.070207,0.006692,proton,pi+,solid
134,11.0,0.241174,0.497893,0.523893,2.467224,0.230370,AUT,6464607.141489,0.005704,0.006216,0.004676,0.070207,0.006462,proton,pi+,solid
135,11.0,0.311200,0.401112,0.523815,2.565261,0.251641,AUT,3117426.778769,0.007567,0.008768,0.006588,0.070207,0.006246,proton,pi+,solid
136,11.0,0.199596,0.590738,0.524173,2.372965,0.492830,AUT,6374573.860633,0.005710,0.005711,0.005209,0.070207,0.006629,proton,pi+,solid
137,11.0,0.308114,0.406379,0.523600,2.574865,0.480787,AUT,1301328.975049,0.009527,0.011625,0.010593,0.070207,0.006254,proton,pi+,solid
138,11.0,0.192973,0.624242,0.524479,2.391300,0.761828,AUT,5912229.628240,0.005446,0.005159,0.005343,0.070207,0.006661,proton,pi+,solid
139,11.0,0.194262,0.580679,0.573729,2.307490,0.247661,AUT,6314701.798018,0.006438,0.006318,0.004855,0.070207,0.006625,proton,pi+,solid
140,11.0,0.274378,0.449425,0.573751,2.516462,0.240375,AUT,5672845.305563,0.005874,0.006536,0.004854,0.070207,0.006331,proton,pi+,solid
141,11.0,0.181883,0.631181,0.574124,2.334717,0.572148,AUT,6301195.380211,0.005977,0.005708,0.005308,0.070207,0.006680,proton,pi+,solid
142,11.0,0.265660,0.466942,0.573656,2.538784,0.535812,AUT,3038686.222747,0.006986,0.007913,0.007097,0.070207,0.006357,proton,pi+,solid
143,11.0,0.177079,0.667466,0.574485,2.375022,0.931350,AUT,1800336.997798,0.009963,0.009299,0.009511,0.070207,0.006704,proton,pi+,solid
144,11.0,0.207042,0.555879,0.623819,2.344390,0.246283,AUT,6363802.660218,0.006321,0.006312,0.004776,0.070207,0.006546,proton,pi+,solid
145,11.0,0.287302,0.433491,0.623093,2.559645,0.240920,AUT,2402137.964550,0.008938,0.010005,0.007363,0.070207,0.006262,proton,pi+,solid
146,11.0,0.194816,0.600335,0.624036,2.364834,0.569509,AUT,6364743.940861,0.006033,0.005800,0.005251,0.070207,0.006598,proton,pi+,solid
147,11.0,0.283183,0.452968,0.622080,2.642322,0.511203,AUT,857564.647584,0.013112,0.015711,0.012878,0.070207,0.006273,proton,pi+,solid
148,11.0,0.171647,0.683439,0.624188,2.370274,0.942817,AUT,1527324.471317,0.011094,0.010444,0.010641,0.070207,0.006702,proton,pi+,solid
149,11.0,0.194775,0.583613,0.673940,2.321102,0.351123,AUT,6302250.824002,0.006312,0.006147,0.004888,0.070207,0.006568,proton,pi+,solid
150,11.0,0.263560,0.472582,0.672561,2.561466,0.295867,AUT,3119513.577685,0.008097,0.008773,0.006590,0.070207,0.006306,proton,pi+,solid
151,11.0,0.180123,0.652815,0.673470,2.377608,0.785172,AUT,3080393.661174,0.008501,0.007966,0.007830,0.070207,0.006635,proton,pi+,solid
152,11.0,0.263586,0.615965,0.323652,3.340348,0.125918,AUT,3164872.973014,0.008013,0.008186,0.006647,0.070207,0.006469,proton,pi+,solid
153,11.0,0.343912,0.497627,0.323945,3.499460,0.128936,AUT,3224143.635905,0.007062,0.008179,0.006354,0.070207,0.006243,proton,pi+,solid
154,11.0,0.451708,0.410061,0.323705,3.823259,0.135088,AUT,61540.078153,0.048799,0.053681,0.044344,0.070207,0.005975,proton,pi+,solid
155,11.0,0.248756,0.639100,0.323944,3.269319,0.298045,AUT,3300278.702300,0.006684,0.007220,0.006898,0.070207,0.006517,proton,pi+,solid
156,11.0,0.303449,0.555681,0.324281,3.470474,0.290628,AUT,3214859.582403,0.006140,0.008167,0.006808,0.070207,0.006349,proton,pi+,solid
157,11.0,0.380173,0.448641,0.324310,3.502542,0.291202,AUT,2864699.905616,0.006429,0.009287,0.007021,0.070207,0.006152,proton,pi+,solid
158,11.0,0.253924,0.640053,0.324055,3.324524,0.487805,AUT,3167678.208523,0.007484,0.007114,0.007427,0.070207,0.006502,proton,pi+,solid
159,11.0,0.354896,0.481632,0.324307,3.490182,0.487987,AUT,2174591.426788,0.008028,0.007280,0.008996,0.070207,0.006215,proton,pi+,solid
160,11.0,0.289288,0.584219,0.326302,3.397025,0.680316,AUT,1573789.211845,0.011217,0.009236,0.010853,0.070207,0.006396,proton,pi+,solid
161,11.0,0.276409,0.595180,0.373671,3.374942,0.127435,AUT,3238557.870302,0.007809,0.008045,0.006492,0.070207,0.006404,proton,pi+,solid
162,11.0,0.365590,0.470245,0.373832,3.527474,0.130752,AUT,1617149.541066,0.010029,0.011304,0.008828,0.070207,0.006161,proton,pi+,solid
163,11.0,0.256992,0.626388,0.373862,3.310378,0.296739,AUT,3212163.367043,0.007158,0.007455,0.006943,0.070207,0.006464,proton,pi+,solid
164,11.0,0.326770,0.516263,0.374129,3.461768,0.292576,AUT,3210436.412533,0.006325,0.008509,0.006595,0.070207,0.006261,proton,pi+,solid
165,11.0,0.407495,0.421951,0.373986,3.544558,0.296752,AUT,1135576.846043,0.011638,0.014907,0.011234,0.070207,0.006057,proton,pi+,solid
166,11.0,0.268656,0.613537,0.373979,3.358815,0.489253,AUT,3138364.262282,0.007176,0.007389,0.007438,0.070207,0.006430,proton,pi+,solid
167,11.0,0.378724,0.450051,0.374406,3.499144,0.485695,AUT,1137134.878543,0.009920,0.010553,0.011697,0.070207,0.006128,proton,pi+,solid
168,11.0,0.287403,0.587021,0.375056,3.391881,0.700864,AUT,1848709.818529,0.009913,0.008452,0.009513,0.070207,0.006376,proton,pi+,solid
169,11.0,0.294828,0.566529,0.423649,3.401814,0.128454,AUT,3182896.796866,0.007734,0.008021,0.006448,0.070207,0.006329,proton,pi+,solid
170,11.0,0.405617,0.432565,0.423560,3.616029,0.134527,AUT,375445.833820,0.020839,0.022394,0.017986,0.070207,0.006037,proton,pi+,solid
171,11.0,0.266330,0.612039,0.423966,3.347785,0.296395,AUT,3160257.421358,0.007453,0.007626,0.006892,0.070207,0.006412,proton,pi+,solid
172,11.0,0.359555,0.473726,0.424091,3.482199,0.296457,AUT,2796598.066307,0.007088,0.009278,0.006825,0.070207,0.006153,proton,pi+,solid
173,11.0,0.288640,0.580540,0.424278,3.383407,0.488583,AUT,3186854.498939,0.006861,0.007529,0.007172,0.070207,0.006349,proton,pi+,solid
174,11.0,0.415315,0.415889,0.424529,3.563405,0.479578,AUT,348686.419852,0.018387,0.020677,0.021313,0.070207,0.006013,proton,pi+,solid
175,11.0,0.283947,0.592037,0.424670,3.386348,0.721706,AUT,1822648.511192,0.009434,0.008612,0.009309,0.070207,0.006363,proton,pi+,solid
176,11.0,0.261687,0.618281,0.473764,3.328467,0.238560,AUT,3174354.711570,0.007698,0.007688,0.006697,0.070207,0.006404,proton,pi+,solid
177,11.0,0.330380,0.510605,0.473828,3.462418,0.232885,AUT,3220770.023135,0.007085,0.008147,0.006346,0.070207,0.006206,proton,pi+,solid
178,11.0,0.410857,0.422646,0.473773,3.580608,0.256102,AUT,822538.071031,0.014183,0.016165,0.012558,0.070207,0.006001,proton,pi+,solid
179,11.0,0.273548,0.603765,0.474369,3.364520,0.552450,AUT,3226742.277995,0.007303,0.007402,0.007317,0.070207,0.006370,proton,pi+,solid
180,11.0,0.379850,0.449529,0.474107,3.510837,0.517998,AUT,939574.197633,0.010987,0.013176,0.012332,0.070207,0.006079,proton,pi+,solid
181,11.0,0.273161,0.599940,0.523856,3.363679,0.239818,AUT,3190937.644758,0.007634,0.007748,0.006563,0.070207,0.006345,proton,pi+,solid
182,11.0,0.362632,0.470537,0.523708,3.496028,0.244461,AUT,2223309.929618,0.008514,0.009756,0.007484,0.070207,0.006098,proton,pi+,solid
183,11.0,0.287243,0.581712,0.524193,3.383375,0.551361,AUT,3172827.841172,0.007308,0.007646,0.007197,0.070207,0.006307,proton,pi+,solid
184,11.0,0.405636,0.430646,0.522118,3.603344,0.481656,AUT,235519.512308,0.023498,0.028592,0.024716,0.070207,0.005990,proton,pi+,solid
185,11.0,0.288357,0.575314,0.573818,3.387447,0.242409,AUT,3210566.565135,0.007493,0.007739,0.006439,0.070207,0.006275,proton,pi+,solid
186,11.0,0.386316,0.444987,0.573140,3.539655,0.249672,AUT,817253.332604,0.014072,0.015874,0.012240,0.070207,0.006011,proton,pi+,solid
187,11.0,0.287040,0.584854,0.574063,3.396156,0.590919,AUT,3040423.847018,0.007594,0.007819,0.007256,0.070207,0.006281,proton,pi+,solid
188,11.0,0.277652,0.592991,0.623915,3.372037,0.331504,AUT,3170043.963059,0.007654,0.007716,0.006640,0.070207,0.006278,proton,pi+,solid
189,11.0,0.359898,0.476115,0.622652,3.527588,0.300694,AUT,1112537.106043,0.011969,0.013605,0.010477,0.070207,0.006049,proton,pi+,solid
190,11.0,0.266467,0.622004,0.623820,3.381283,0.751567,AUT,921418.166400,0.015446,0.014417,0.014612,0.070207,0.006314,proton,pi+,solid
191,11.0,0.282238,0.588252,0.673521,3.391405,0.383349,AUT,3217561.547668,0.007618,0.007674,0.006590,0.070207,0.006234,proton,pi+,solid
192,11.0,0.370492,0.479943,0.668957,3.668450,0.246075,AUT,199010.699500,0.028351,0.030965,0.024479,0.070207,0.005992,proton,pi+,solid
193,11.0,0.335735,0.632208,0.323871,4.373006,0.125092,AUT,1593399.165364,0.011324,0.011731,0.009000,0.070207,0.006259,proton,pi+,solid
194,11.0,0.417295,0.529037,0.323930,4.524703,0.129181,AUT,1100588.927498,0.011065,0.012900,0.010564,0.070207,0.006054,proton,pi+,solid
195,11.0,0.333320,0.633526,0.324353,4.351482,0.288249,AUT,1605662.280164,0.009516,0.010721,0.009439,0.070207,0.006265,proton,pi+,solid
196,11.0,0.406669,0.537959,0.324215,4.492785,0.291286,AUT,1580947.491598,0.008116,0.011726,0.009258,0.070207,0.006081,proton,pi+,solid
197,11.0,0.487023,0.456403,0.323887,4.587976,0.296523,AUT,230788.829081,0.022189,0.030919,0.024435,0.070207,0.005881,proton,pi+,solid
198,11.0,0.355245,0.602834,0.324495,4.392740,0.533975,AUT,1599804.947370,0.009774,0.008977,0.010136,0.070207,0.006209,proton,pi+,solid
199,11.0,0.454391,0.483265,0.324573,4.523008,0.515918,AUT,438892.600628,0.016904,0.016075,0.019665,0.070207,0.005963,proton,pi+,solid
200,11.0,0.349041,0.615440,0.373660,4.414871,0.126553,AUT,1604206.665297,0.010933,0.011354,0.008898,0.070207,0.006198,proton,pi+,solid
201,11.0,0.443841,0.494086,0.373772,4.510835,0.130042,AUT,428874.393888,0.017496,0.019685,0.016593,0.070207,0.005961,proton,pi+,solid
202,11.0,0.339375,0.626494,0.374147,4.377763,0.290438,AUT,1619833.807636,0.009954,0.010777,0.009333,0.070207,0.006222,proton,pi+,solid
203,11.0,0.425913,0.516611,0.373989,4.513912,0.294801,AUT,1197757.604852,0.009669,0.013209,0.010317,0.070207,0.006004,proton,pi+,solid
204,11.0,0.367012,0.587415,0.374379,4.404587,0.537486,AUT,1635092.776714,0.009168,0.009147,0.009742,0.070207,0.006152,proton,pi+,solid
205,11.0,0.478851,0.463733,0.374348,4.581611,0.502469,AUT,159122.602376,0.026397,0.028688,0.031170,0.070207,0.005873,proton,pi+,solid
206,11.0,0.328029,0.638740,0.423963,4.319644,0.223263,AUT,1590108.707066,0.011308,0.011424,0.009208,0.070207,0.006228,proton,pi+,solid
207,11.0,0.385860,0.569568,0.423969,4.523201,0.227729,AUT,1601646.923395,0.009375,0.010737,0.008862,0.070207,0.006080,proton,pi+,solid
208,11.0,0.460986,0.476270,0.423703,4.524262,0.243576,AUT,569706.047891,0.014731,0.017818,0.014451,0.070207,0.005892,proton,pi+,solid
209,11.0,0.368808,0.586179,0.424464,4.411821,0.558999,AUT,1579829.720261,0.009336,0.009620,0.009775,0.070207,0.006122,proton,pi+,solid
210,11.0,0.488946,0.458986,0.424033,4.631957,0.489734,AUT,76157.122765,0.037559,0.044903,0.044220,0.070207,0.005821,proton,pi+,solid
211,11.0,0.336852,0.629448,0.473810,4.367678,0.229047,AUT,1619920.240374,0.011041,0.011169,0.009027,0.070207,0.006181,proton,pi+,solid
212,11.0,0.418746,0.527142,0.473843,4.525956,0.237184,AUT,1246991.673686,0.010323,0.011802,0.009778,0.070207,0.005972,proton,pi+,solid
213,11.0,0.371303,0.584946,0.474293,4.425011,0.561829,AUT,1452098.130582,0.009914,0.010436,0.010095,0.070207,0.006092,proton,pi+,solid
214,11.0,0.349136,0.613981,0.523844,4.406132,0.233843,AUT,1619124.389105,0.010721,0.010991,0.008878,0.070207,0.006124,proton,pi+,solid
215,11.0,0.441147,0.498417,0.523745,4.521971,0.245227,AUT,542714.369048,0.015353,0.017406,0.014569,0.070207,0.005890,proton,pi+,solid
216,11.0,0.367331,0.590313,0.524122,4.425013,0.564514,AUT,1222888.569215,0.011376,0.011756,0.011111,0.070207,0.006076,proton,pi+,solid
217,11.0,0.369112,0.588571,0.573697,4.432897,0.239331,AUT,1602971.243706,0.010236,0.010594,0.008743,0.070207,0.006044,proton,pi+,solid
218,11.0,0.503400,0.460231,0.568603,4.782079,0.214704,AUT,11791.363579,0.100701,0.108352,0.096433,0.070207,0.005703,proton,pi+,solid
219,11.0,0.360955,0.599435,0.573888,4.425657,0.565121,AUT,967844.935664,0.013783,0.013808,0.012680,0.070207,0.006065,proton,pi+,solid
220,11.0,0.359747,0.600564,0.623763,4.426459,0.316708,AUT,1592182.111989,0.010494,0.010802,0.008935,0.070207,0.006038,proton,pi+,solid
221,11.0,0.458311,0.492742,0.619237,4.660077,0.250441,AUT,62225.051481,0.043964,0.048969,0.042243,0.070207,0.005789,proton,pi+,solid
222,11.0,0.353641,0.610575,0.673049,4.430663,0.358555,AUT,1288362.791247,0.012073,0.012146,0.010032,0.070207,0.006023,proton,pi+,solid
223,11.0,0.434008,0.609831,0.323864,5.428314,0.126863,AUT,1200995.120077,0.011944,0.012974,0.010004,0.070207,0.006008,proton,pi+,solid
224,11.0,0.554238,0.505494,0.323663,5.782898,0.134887,AUT,17291.610648,0.098392,0.109728,0.080221,0.070207,0.005705,proton,pi+,solid
225,11.0,0.421143,0.622725,0.324375,5.395546,0.288648,AUT,1192408.106485,0.010180,0.012948,0.010469,0.070207,0.006041,proton,pi+,solid
226,11.0,0.509734,0.528318,0.324201,5.550201,0.292392,AUT,381058.417307,0.017118,0.024259,0.018391,0.070207,0.005819,proton,pi+,solid
227,11.0,0.438580,0.604908,0.324591,5.432336,0.542142,AUT,890558.641565,0.011811,0.012000,0.013021,0.070207,0.005996,proton,pi+,solid
228,11.0,0.405171,0.638868,0.373957,5.336268,0.218477,AUT,1193049.045861,0.011760,0.012850,0.010257,0.070207,0.006053,proton,pi+,solid
229,11.0,0.480165,0.561446,0.374037,5.544038,0.229732,AUT,1013268.117122,0.011408,0.013937,0.010764,0.070207,0.005864,proton,pi+,solid
230,11.0,0.438528,0.604949,0.374363,5.431962,0.548544,AUT,802012.401344,0.012283,0.013424,0.013284,0.070207,0.005967,proton,pi+,solid
231,11.0,0.415164,0.628901,0.423819,5.377176,0.224196,AUT,1196855.704473,0.011880,0.012728,0.010121,0.070207,0.006002,proton,pi+,solid
232,11.0,0.496453,0.543640,0.423819,5.558083,0.239622,AUT,513786.335104,0.016149,0.019281,0.014889,0.070207,0.005796,proton,pi+,solid
233,11.0,0.438417,0.605009,0.424504,5.431361,0.551906,AUT,708915.654554,0.013327,0.014903,0.013962,0.070207,0.005941,proton,pi+,solid
234,11.0,0.432348,0.610107,0.473891,5.415080,0.231116,AUT,1202685.320386,0.011644,0.012521,0.009939,0.070207,0.005932,proton,pi+,solid
235,11.0,0.534281,0.509828,0.473658,5.621233,0.256837,AUT,93324.774653,0.038404,0.044157,0.035210,0.070207,0.005671,proton,pi+,solid
236,11.0,0.436866,0.606629,0.474281,5.429670,0.552465,AUT,616759.313385,0.014901,0.016598,0.014966,0.070207,0.005920,proton,pi+,solid
237,11.0,0.428187,0.614458,0.523960,5.405990,0.302686,AUT,1186451.606171,0.011717,0.012590,0.010103,0.070207,0.005916,proton,pi+,solid
238,11.0,0.521369,0.520564,0.523111,5.598922,0.308433,AUT,151460.622422,0.028982,0.033669,0.027097,0.070207,0.005677,proton,pi+,solid
239,11.0,0.433456,0.610111,0.573766,5.425120,0.348964,AUT,1121109.965347,0.012025,0.012862,0.010320,0.070207,0.005872,proton,pi+,solid
240,11.0,0.427159,0.617316,0.623321,5.417630,0.346366,AUT,796345.571728,0.014675,0.015332,0.012307,0.070207,0.005858,proton,pi+,solid
241,11.0,0.418927,0.627095,0.672603,5.405982,0.329621,AUT,496300.767979,0.019074,0.019444,0.015573,0.070207,0.005847,proton,pi+,solid
242,11.0,0.500808,0.625458,0.324065,6.450323,0.217982,AUT,996060.180669,0.011606,0.014064,0.010866,0.070207,0.005838,proton,pi+,solid
243,11.0,0.583376,0.582323,0.323947,7.013057,0.226238,AUT,338995.081883,0.018620,0.023817,0.017961,0.070207,0.005626,proton,pi+,solid
244,11.0,0.519210,0.617582,0.324541,6.595074,0.531455,AUT,424466.878626,0.016049,0.017361,0.017755,0.070207,0.005789,proton,pi+,solid
245,11.0,0.517262,0.615563,0.373885,6.548634,0.224589,AUT,977793.877158,0.011910,0.013897,0.010782,0.070207,0.005764,proton,pi+,solid
246,11.0,0.615343,0.589044,0.373883,7.482695,0.227451,AUT,45789.273326,0.053238,0.063995,0.047187,0.070207,0.005510,proton,pi+,solid
247,11.0,0.519320,0.616684,0.374466,6.586120,0.533743,AUT,369038.556149,0.017312,0.020456,0.018745,0.070207,0.005758,proton,pi+,solid
248,11.0,0.519354,0.614487,0.424020,6.562962,0.289297,AUT,1007916.353995,0.011772,0.013599,0.010632,0.070207,0.005731,proton,pi+,solid
249,11.0,0.622315,0.591882,0.423653,7.603673,0.281655,AUT,23278.464018,0.075454,0.088865,0.065687,0.070207,0.005462,proton,pi+,solid
250,11.0,0.519392,0.615590,0.473942,6.575643,0.325395,AUT,845237.626646,0.012983,0.014611,0.011579,0.070207,0.005703,proton,pi+,solid
251,11.0,0.516973,0.617645,0.523558,6.568236,0.326522,AUT,629807.328364,0.015450,0.016975,0.013338,0.070207,0.005680,proton,pi+,solid
252,11.0,0.510101,0.622882,0.573209,6.539482,0.321358,AUT,438293.048961,0.018870,0.020221,0.015983,0.070207,0.005668,proton,pi+,solid
253,11.0,0.499323,0.631651,0.622590,6.497685,0.309357,AUT,263490.051375,0.024803,0.025902,0.020582,0.070207,0.005664,proton,pi+,solid
254,8.8,0.120259,0.613774,0.323872,1.204669,0.123341,AUT,9830732.981232,0.005885,0.006012,0.004137,0.070207,0.010041,proton,pi+,solid
255,8.8,0.181103,0.506882,0.324457,1.505172,0.122858,AUT,9773345.815666,0.004877,0.005824,0.004030,0.070207,0.009618,proton,pi+,solid
256,8.8,0.253418,0.422086,0.324245,1.762638,0.135306,AUT,1284490.420754,0.012062,0.014634,0.010748,0.070207,0.009214,proton,pi+,solid
257,8.8,0.103554,0.713258,0.323661,1.208101,0.304239,AUT,9969237.273030,0.004719,0.004426,0.004323,0.070207,0.010166,proton,pi+,solid
258,8.8,0.148268,0.595705,0.324019,1.451518,0.303196,AUT,9785305.918038,0.004095,0.004419,0.004441,0.070207,0.009838,proton,pi+,solid
259,8.8,0.212795,0.473290,0.324363,1.644212,0.297116,AUT,8244137.314089,0.004046,0.004767,0.004703,0.070207,0.009429,proton,pi+,solid
260,8.8,0.107783,0.719065,0.324818,1.264072,0.483683,AUT,9963075.908888,0.004736,0.004196,0.004363,0.070207,0.010133,proton,pi+,solid
261,8.8,0.176376,0.534850,0.325219,1.527713,0.478806,AUT,9912388.591239,0.004673,0.003884,0.004375,0.070207,0.009650,proton,pi+,solid
262,8.8,0.271757,0.406886,0.325717,1.824478,0.476860,AUT,467766.443558,0.020849,0.016867,0.021999,0.070207,0.009127,proton,pi+,solid
263,8.8,0.137964,0.633057,0.328114,1.367042,0.651904,AUT,2785858.408027,0.007900,0.008019,0.007786,0.070207,0.009914,proton,pi+,solid
264,8.8,0.132076,0.579328,0.373880,1.245110,0.125504,AUT,10212347.379242,0.005761,0.005943,0.003987,0.070207,0.009925,proton,pi+,solid
265,8.8,0.204417,0.472847,0.374126,1.582770,0.127354,AUT,6368178.624369,0.006130,0.007191,0.004910,0.070207,0.009444,proton,pi+,solid
266,8.8,0.111505,0.674577,0.373878,1.226965,0.301561,AUT,9878525.811907,0.004867,0.004723,0.004278,0.070207,0.010079,proton,pi+,solid
267,8.8,0.173155,0.535945,0.374314,1.516788,0.294889,AUT,9972638.960332,0.003751,0.004615,0.004224,0.070207,0.009636,proton,pi+,solid
268,8.8,0.246790,0.426681,0.374545,1.733093,0.288891,AUT,2642616.395684,0.006710,0.009233,0.007878,0.070207,0.009212,proton,pi+,solid
269,8.8,0.112428,0.702709,0.374150,1.285247,0.491851,AUT,10216801.418785,0.004562,0.004171,0.004239,0.070207,0.010072,proton,pi+,solid
270,8.8,0.188664,0.510933,0.374449,1.559426,0.487235,AUT,8484612.111351,0.004997,0.004095,0.004946,0.070207,0.009542,proton,pi+,solid
271,8.8,0.137791,0.639324,0.376941,1.383759,0.670161,AUT,4914495.158954,0.006401,0.005819,0.005991,0.070207,0.009886,proton,pi+,solid
272,8.8,0.145058,0.550902,0.423726,1.295209,0.126502,AUT,10024408.566019,0.005730,0.005957,0.003988,0.070207,0.009809,proton,pi+,solid
273,8.8,0.224536,0.450113,0.423925,1.660405,0.130578,AUT,2704555.765295,0.009392,0.010886,0.007365,0.070207,0.009300,proton,pi+,solid
274,8.8,0.121529,0.635799,0.424031,1.256498,0.298764,AUT,9999883.699120,0.005048,0.005016,0.004208,0.070207,0.009982,proton,pi+,solid
275,8.8,0.201222,0.484954,0.424338,1.586892,0.290656,AUT,8424219.531552,0.003983,0.005379,0.004399,0.070207,0.009438,proton,pi+,solid
276,8.8,0.120961,0.672998,0.423773,1.316501,0.496575,AUT,10075796.071414,0.004476,0.004214,0.004259,0.070207,0.009986,proton,pi+,solid
277,8.8,0.202923,0.480706,0.423935,1.589743,0.493140,AUT,5037120.559346,0.006148,0.005241,0.006485,0.070207,0.009427,proton,pi+,solid
278,8.8,0.137318,0.642011,0.425828,1.387765,0.689297,AUT,6775677.789602,0.005589,0.004887,0.005206,0.070207,0.009867,proton,pi+,solid
279,8.8,0.119367,0.616493,0.473806,1.200903,0.239698,AUT,10276888.596402,0.005668,0.005515,0.004091,0.070207,0.009981,proton,pi+,solid
280,8.8,0.172691,0.511146,0.474180,1.450795,0.220644,AUT,9999024.040737,0.004467,0.005156,0.003954,0.070207,0.009590,proton,pi+,solid
281,8.8,0.234148,0.437956,0.474168,1.685765,0.232960,AUT,4399553.251258,0.006128,0.007857,0.005831,0.070207,0.009224,proton,pi+,solid
282,8.8,0.135409,0.630591,0.473994,1.361825,0.497256,AUT,9979255.331571,0.004444,0.004268,0.004319,0.070207,0.009859,proton,pi+,solid
283,8.8,0.234031,0.440696,0.473829,1.695282,0.489856,AUT,1531839.685058,0.009736,0.009285,0.011304,0.070207,0.009225,proton,pi+,solid
284,8.8,0.135974,0.645540,0.474985,1.387544,0.709765,AUT,7460579.896983,0.005338,0.004701,0.004955,0.070207,0.009856,proton,pi+,solid
285,8.8,0.127203,0.592224,0.523950,1.227244,0.240439,AUT,9946104.293816,0.005645,0.005551,0.004116,0.070207,0.009900,proton,pi+,solid
286,8.8,0.200569,0.473578,0.524033,1.551441,0.228686,AUT,9432621.898896,0.004509,0.005348,0.003989,0.070207,0.009392,proton,pi+,solid
287,8.8,0.120180,0.667771,0.524091,1.299627,0.576273,AUT,9995358.167800,0.004541,0.004327,0.004226,0.070207,0.009953,proton,pi+,solid
288,8.8,0.196143,0.504768,0.523810,1.616941,0.545191,AUT,4443964.429875,0.006084,0.005949,0.006405,0.070207,0.009415,proton,pi+,solid
289,8.8,0.138128,0.565306,0.573952,1.267693,0.239603,AUT,10110562.133947,0.005437,0.005469,0.004016,0.070207,0.009793,proton,pi+,solid
290,8.8,0.213701,0.458251,0.573665,1.606648,0.231782,AUT,5093291.798171,0.006203,0.007326,0.005339,0.070207,0.009282,proton,pi+,solid
291,8.8,0.130212,0.640468,0.574076,1.341678,0.574893,AUT,9830509.943180,0.004605,0.004448,0.004268,0.070207,0.009851,proton,pi+,solid
292,8.8,0.214086,0.486279,0.572875,1.711215,0.522906,AUT,1470923.056333,0.010116,0.010949,0.010758,0.070207,0.009274,proton,pi+,solid
293,8.8,0.151671,0.543087,0.623635,1.330806,0.238591,AUT,10016647.613797,0.005273,0.005422,0.003958,0.070207,0.009663,proton,pi+,solid
294,8.8,0.236543,0.448958,0.621958,1.750169,0.226843,AUT,1170924.518871,0.012939,0.015215,0.010872,0.070207,0.009116,proton,pi+,solid
295,8.8,0.131986,0.645903,0.623785,1.367071,0.627251,AUT,10167169.093176,0.004534,0.004416,0.004179,0.070207,0.009810,proton,pi+,solid
296,8.8,0.236781,0.475684,0.619365,1.858546,0.474644,AUT,129067.185585,0.035884,0.043448,0.034778,0.070207,0.009110,proton,pi+,solid
297,8.8,0.138863,0.580001,0.673486,1.306809,0.333165,AUT,9844729.080020,0.005422,0.005355,0.004097,0.070207,0.009725,proton,pi+,solid
298,8.8,0.211172,0.499626,0.671213,1.738256,0.264273,AUT,1581632.294096,0.011830,0.012997,0.009626,0.070207,0.009215,proton,pi+,solid
299,8.8,0.118166,0.706931,0.673314,1.355501,0.772153,AUT,3582444.489620,0.007522,0.007276,0.007081,0.070207,0.009886,proton,pi+,solid
300,8.8,0.230819,0.595531,0.323692,2.239534,0.244282,AUT,6222806.485902,0.004497,0.005631,0.005005,0.070207,0.009322,proton,pi+,solid
301,8.8,0.313362,0.490283,0.324268,2.527886,0.227312,AUT,4513906.238738,0.005022,0.006744,0.005633,0.070207,0.008951,proton,pi+,solid
302,8.8,0.251693,0.584124,0.325506,2.341231,0.495140,AUT,4459659.740293,0.006543,0.005519,0.006473,0.070207,0.009230,proton,pi+,solid
303,8.8,0.251174,0.561657,0.373816,2.296448,0.238359,AUT,6511948.658391,0.004359,0.005621,0.004754,0.070207,0.009188,proton,pi+,solid
304,8.8,0.336028,0.469906,0.374094,2.604466,0.234097,AUT,1783010.871139,0.008190,0.011175,0.008877,0.070207,0.008828,proton,pi+,solid
305,8.8,0.250110,0.586364,0.374872,2.340943,0.521855,AUT,4534719.236403,0.006297,0.005623,0.006339,0.070207,0.009202,proton,pi+,solid
306,8.8,0.239406,0.581868,0.423857,2.264481,0.325561,AUT,6434529.933553,0.004577,0.005327,0.004899,0.070207,0.009215,proton,pi+,solid
307,8.8,0.323540,0.479630,0.424030,2.556834,0.300569,AUT,2928627.760891,0.006462,0.007836,0.006968,0.070207,0.008844,proton,pi+,solid
308,8.8,0.256531,0.556971,0.473993,2.317054,0.322780,AUT,6455991.939249,0.004574,0.005431,0.004785,0.070207,0.009106,proton,pi+,solid
309,8.8,0.348972,0.464334,0.473966,2.674311,0.302989,AUT,843461.614027,0.012126,0.014967,0.012825,0.070207,0.008718,proton,pi+,solid
310,8.8,0.258799,0.558827,0.523891,2.337967,0.382066,AUT,6322788.618325,0.004664,0.005319,0.004798,0.070207,0.009067,proton,pi+,solid
311,8.8,0.367016,0.459493,0.523065,2.784173,0.287448,AUT,213946.536006,0.024437,0.029627,0.024838,0.070207,0.008620,proton,pi+,solid
312,8.8,0.258956,0.560883,0.573686,2.347188,0.383282,AUT,4930256.621744,0.005374,0.006112,0.005418,0.070207,0.009033,proton,pi+,solid
313,8.8,0.251954,0.572851,0.623213,2.339817,0.382271,AUT,3340755.912719,0.006692,0.007469,0.006646,0.070207,0.009028,proton,pi+,solid
314,8.8,0.242023,0.590117,0.672226,2.322333,0.373618,AUT,1976987.533548,0.008845,0.009535,0.008676,0.070207,0.009035,proton,pi+,solid
315,8.8,0.376708,0.547250,0.324584,3.390689,0.300128,AUT,2751696.265549,0.006472,0.007874,0.007273,0.070207,0.008710,proton,pi+,solid
316,8.8,0.377027,0.547027,0.374058,3.392353,0.312011,AUT,2284716.992746,0.007121,0.008701,0.007826,0.070207,0.008672,proton,pi+,solid
317,8.8,0.376298,0.547735,0.424254,3.390419,0.317606,AUT,1859932.879563,0.008010,0.009699,0.008493,0.070207,0.008641,proton,pi+,solid
318,8.8,0.375183,0.548769,0.473982,3.387027,0.321149,AUT,1497861.617621,0.009037,0.010935,0.009312,0.070207,0.008613,proton,pi+,solid
319,8.8,0.374399,0.550486,0.523672,3.391400,0.317781,AUT,1148286.838243,0.010582,0.012713,0.010447,0.070207,0.008581,proton,pi+,solid
320,8.8,0.369671,0.555530,0.573345,3.381058,0.305574,AUT,813309.041632,0.013024,0.015357,0.012383,0.070207,0.008561,proton,pi+,solid
321,8.8,0.462369,0.569332,0.324338,4.343495,0.287949,AUT,667838.025839,0.012955,0.016098,0.014010,0.070207,0.008404,proton,pi+,solid
322,8.8,0.462191,0.569374,0.373853,4.342050,0.297245,AUT,543118.372033,0.014437,0.018071,0.015282,0.070207,0.008364,proton,pi+,solid
323,8.8,0.461726,0.569574,0.424012,4.339172,0.298731,AUT,431385.856179,0.016639,0.020776,0.016905,0.070207,0.008329,proton,pi+,solid
324,8.8,0.461322,0.569716,0.473747,4.336537,0.299957,AUT,336695.176197,0.019252,0.023946,0.018813,0.070207,0.008296,proton,pi+,solid
